study;year;events ;n;fu_mean;fu_mean_typ;fu_median;fu_median_typ;fu_pyo;ir_100py
Riviero-Barciela et al;2017;4;611;52.5;mo;;;;
Preda et al;2014;7;533;;;24;mo;;
Kim et al;2014;110;5409;;;6;yr;33567;
Orito et al;2014;13;602;;;90;mo;;
Buti et al;2015;28;585;;;7;yr;;
Marcellin et al;2019;8;198;;;10;yr;;
Marcellin et al;2016;14;440;;;3;yr;;
Seto et al;2013;7;70;;;10;yr;;
Agarwal et al;2018;11;864;;;96;wk;;
Buti et al;2016;0;419;;;48;wk;;
Fung et al;2014;1;280;;;96;wk;;
Yokosuka et al;2010;1;167;;;96;wk;;
Chang et al;2010;1;145;;;5;yr;;
Marcellin et al;2014;23;266;;;240;wk;;
