study;year;events ;n;fu_mean;fu_mean_typ;fu_median;fu_median_typ;fu_pyo;ir_100py
Martin-Carbonero et al;2011;7;92;;;35;mo;;2.6
Strassl et al;2014;8;55;16.68;mo;;;;
Boyd et al;2015;4;111;;;74.2;mo;;
Matthews et al;2013;6;47;;;108;wk;;
Boyd et al;2016;10;161;;;35.5;mo;;
Piroth et al;2007;9;261;5.0;yr;;;;
Miailhes et al;2007;12;82;5.0;yr;;;;
Chihota et al;2019;29;284;;;2;yr;;
Kosi et al;2012;21;96;;;83;mo;;
Zoutendijk et al;2012;8;104;;;57;mo;;
Huang et al;2012;15;366;3.7;yr;;;;
van Bremen et al;2020;66;359;;;11;yr;;
Audsley et al;2020;11;92;;;5;yr;;
